Dataset,Model,Uses_PCA,Original_Features,CV_Best_F1,Best_Threshold,Model_N_Neighbors,Model_Distance,Accuracy,Precision,Recall,F1,ROC_AUC,Training_Time_Seconds,TN,FP,FN,TP,PCA_Variance_Target,PCA_Components,Explained_Variance
Clinical,KNN,True,8,0.3467521281746043,0.5417592343393983,21.0,Euclidean,0.6438679245283019,0.2182410423452769,0.5193798449612403,0.3073394495412844,0.635308514193917,6.819745299988426,479,240,62,67,0.99,8,1.0
Clinical,SVM,True,8,0.347611716160469,0.3652014309113848,,,0.5943396226415094,0.23192019950124687,0.7209302325581395,0.35094339622641507,0.6642084721458529,16.264426600013394,411,308,36,93,0.9,7,0.9775029771031927
Clinical,XGBoost,True,8,0.3347293074099609,0.4887615144252777,,,0.7040094339622641,0.2324561403508772,0.4108527131782946,0.2969187675070028,0.6287695011374541,1.6467810000176542,544,175,76,53,0.99,8,1.0
Clinical,MLP,True,8,0.3484601174450904,0.46233447539575845,,,0.6933962264150944,0.21397379912663755,0.3798449612403101,0.2737430167597765,0.5968884432512858,11.378336699970532,539,180,80,49,0.99,8,1.0
